<?xml version='1.0' encoding='utf-8'?>
<!DOCTYPE hibernate-configuration PUBLIC
        "-//Hibernate/Hibernate Configuration DTD 3.0//EN"
        "http://www.hibernate.org/dtd/hibernate-configuration-3.0.dtd">
<hibernate-configuration>        
  <session-factory>
     <property name="dialect">org.hibernate.dialect.OracleDialect</property>
    <property name="show_sql">true</property> 
    <property name="hbm2ddl.auto">update</property> 
     <!--  <mapping resource="com/hcl/spring/model/User.hbm.xml"/> -->
    <mapping class="com.CP.model.Rider" />
<!--     <mapping class="com.CP.model.Rider" /> -->
  </session-factory>
</hibernate-configuration>