<?xml version="1.0" encoding="UTF-8"?>

<!DOCTYPE hibernate-configuration PUBLIC
		"-//Hibernate/Hibernate Configuration DTD 3.0//EN"
		"http://hibernate.org/dtd/hibernate-configuration-3.0.dtd">
<hibernate-configuration>
   <session-factory>
   
      <property name = "hibernate.dialect"> org.hibernate.dialect.MySQLDialect</property>
      
      <property name = "hibernate.connection.driver_class">com.mysql.jdbc.Driver</property>
      
      <property name = "hibernate.connection.url">jdbc:mysql://localhost:3306/test</property>
      
      <property name = "hibernate.connection.username">root</property>
      
      <property name = "hibernate.connection.password">password-1</property>
      
      <property name="hibernate.hbm2ddl.auto">update</property>
      
      <property name="hibernate.show_sql">true</property>
      
     
      
      <!-- List of XML mapping files -->
      
      
   </session-factory>
</hibernate-configuration>


<!-- <?xml version='1.0' encoding='utf-8'?>
<!DOCTYPE hibernate-configuration PUBLIC
        "-//Hibernate/Hibernate Configuration DTD 3.0//EN"
        "http://www.hibernate.org/dtd/hibernate-configuration-3.0.dtd">
<hibernate-configuration>        
  <session-factory>
     <property name="dialect">org.hibernate.dialect.OracleDialect</property>
    <property name="show_sql">true</property> 
    <property name="hbm2ddl.auto">update</property> 
      <mapping resource="com/hcl/spring/model/User.hbm.xml"/>
    <mapping class="com.CP.model.User" />
  </session-factory>
</hibernate-configuration> -->






